frame0,frame1,time_s,kp0,kp1,matches,inliers,inlier_ratio,mean_motion_px,blur,brightness
0,2,0.03336666666666667,2500,2500,1979,1770,0.8943911066195048,1.3860028982162476,62.49345219816585,95.25423508747359
2,4,0.06673333333333334,2500,2500,1880,1703,0.9058510638297872,2.0634124279022217,58.73686662959446,95.25045662500146
4,6,0.10010000000000001,2500,2500,1926,1674,0.8691588785046729,3.2351555824279785,56.668422420210455,95.22352960914067
6,8,0.13346666666666668,2500,2500,1869,1553,0.8309256286784377,3.3511242866516113,57.03907879596186,95.18784429233337
8,10,0.16683333333333333,2500,2500,1914,1648,0.8610240334378265,3.671560287475586,56.80046069210931,95.20016003758039
10,12,0.20020000000000002,2500,2500,1880,1539,0.8186170212765957,3.086536407470703,58.7905065294309,95.10524258020844
12,14,0.23356666666666667,2500,2500,1905,1677,0.8803149606299212,2.405395030975342,60.3270103540819,95.0576310353279
14,16,0.26693333333333336,2500,2500,1901,1717,0.9032088374539716,2.1931540966033936,63.38363393345218,95.04072934537773
16,18,0.3003,2500,2500,1887,1596,0.8457869634340223,2.568600654602051,61.17582017247882,95.09042415064832
18,20,0.33366666666666667,2500,2500,1882,1619,0.8602550478214666,2.690434455871582,60.65266923210069,95.11974516531868
20,22,0.3670333333333333,2500,2500,1846,1577,0.8542795232936078,3.12673020362854,59.72393293725258,95.18303514115986
22,24,0.40040000000000003,2500,2500,1865,1571,0.8423592493297587,2.318118095397949,62.08783814259694,95.16863175892534
24,26,0.4337666666666667,2500,2500,1845,1541,0.835230352303523,2.8060879707336426,58.6465428527147,95.21594496574583
26,28,0.46713333333333334,2500,2500,1825,1599,0.8761643835616438,2.499140501022339,62.66997789509899,95.30111428171283
28,30,0.5005000000000001,2500,2500,1787,1513,0.846670397313934,2.790051221847534,64.31830964781086,95.38230162342589
30,32,0.5338666666666667,2500,2500,1854,1554,0.8381877022653722,2.798017978668213,62.9885660318814,95.46530379421823
32,34,0.5672333333333334,2500,2500,1821,1508,0.828116419549698,1.910017967224121,66.22323551487224,95.37444563098865
34,36,0.6006,2500,2500,1804,1483,0.8220620842572062,2.007312774658203,59.24433832561373,95.30278249477726
36,38,0.6339666666666667,2500,2500,1843,1679,0.9110146500271297,2.6666812896728516,59.15821675021693,95.22767351750055
38,40,0.6673333333333333,2500,2500,1809,1414,0.7816473189607518,2.212388038635254,61.239797295846486,95.19048848663095
40,42,0.7007,2500,2500,1860,1641,0.882258064516129,2.412194013595581,64.3690980696462,95.10597930744721
42,44,0.7340666666666666,2500,2500,1867,1499,0.8028923406534547,1.9204413890838623,66.870888139687,94.96634469498034
44,46,0.7674333333333333,2500,2500,1944,1699,0.8739711934156379,1.226197361946106,72.52001852639351,94.93497616213251
46,48,0.8008000000000001,2500,2500,1870,1659,0.8871657754010696,1.377333641052246,71.24421214522538,94.9195413617637
48,50,0.8341666666666667,2500,2500,1851,1639,0.8854673149648838,1.9147326946258545,65.70752115809417,95.00636721986858
50,52,0.8675333333333334,2500,2500,1820,1649,0.906043956043956,3.1435558795928955,57.31380628424262,95.15647575948555
52,54,0.9009,2500,2500,1678,1392,0.8295589988081049,5.606873035430908,51.431419296758655,95.44999883290734
54,56,0.9342666666666667,2500,2500,1764,1343,0.7613378684807256,4.8192291259765625,53.58550951078973,95.42853016350968
56,58,0.9676333333333333,2500,2500,1793,1519,0.8471834913552705,4.583307266235352,58.976778499410734,95.40367473711238
58,60,1.0010000000000001,2500,2500,1791,1462,0.8163037409268565,3.8049466609954834,65.92468721087766,95.32626512843855
60,62,1.0343666666666667,2500,2500,1895,1712,0.9034300791556729,3.4830985069274902,63.41707414460938,95.31759727717284
62,64,1.0677333333333334,2500,2500,1893,1591,0.8404648705758055,3.434474229812622,65.21470904591128,95.32665172788067
64,66,1.1011,2500,2500,1906,1673,0.8777544596012592,3.228583574295044,65.89800263260724,95.28332851907614
66,68,1.1344666666666667,2500,2500,1818,1569,0.863036303630363,1.7027692794799805,73.65087793534795,95.15268052005649
68,70,1.1678333333333333,2500,2500,1864,1533,0.8224248927038627,1.992084264755249,67.53859248234377,95.1875306361822
70,72,1.2012,2500,2500,1801,1453,0.8067740144364242,4.007544994354248,62.166006985724216,95.23814744465064
72,74,1.2345666666666666,2500,2500,1857,1461,0.7867528271405493,4.7613606452941895,59.32708422686291,95.21415931398293
74,76,1.2679333333333334,2500,2500,1855,1580,0.8517520215633423,4.708127021789551,61.73341207961326,94.58118150624978
76,78,1.3013000000000001,2500,2500,1840,1575,0.8559782608695652,3.467778205871582,66.78664130180732,94.4956591447545
78,80,1.3346666666666667,2500,2500,1843,1636,0.887683125339121,1.407220721244812,72.7164946447308,94.45623183712055
80,82,1.3680333333333334,2500,2500,1889,1708,0.9041821069348862,1.5448142290115356,68.9359050173328,94.37097425977149
82,84,1.4014,2500,2500,1932,1703,0.8814699792960663,1.447311520576477,70.48649243878394,94.28797792444242
84,86,1.4347666666666667,2500,2500,1872,1725,0.9214743589743589,1.3228527307510376,70.26764952473546,94.20389546351085
86,88,1.4681333333333333,2500,2500,1846,1623,0.8791982665222102,2.2055766582489014,67.84383188866401,94.19639689319935
88,90,1.5015,2500,2500,1777,1532,0.8621271806415307,1.224300742149353,75.43735578399281,94.17410980007703
90,92,1.5348666666666666,2500,2500,1719,1410,0.8202443280977313,2.1207704544067383,60.75180797739825,94.21633229462087
92,94,1.5682333333333334,2500,2500,1802,1443,0.8007769145394007,3.926464796066284,61.76200547286969,94.17975634023085
94,96,1.6016000000000001,2500,2500,1816,1530,0.8425110132158591,2.2863636016845703,61.074974123653284,94.13051232449844
96,98,1.6349666666666667,2500,2500,1867,1579,0.8457418318157471,2.509812831878662,62.75399984385285,94.70377729537948
98,100,1.6683333333333334,2500,2500,1753,1462,0.833998859098688,1.6985822916030884,65.39278522692709,94.6577909270217
100,102,1.7017,2500,2500,1762,1477,0.8382519863791147,1.5506837368011475,64.98748705173148,94.5931587946267
102,104,1.7350666666666668,2500,2500,1760,1360,0.7727272727272727,2.8857314586639404,60.27198269933804,94.66767693124658
104,106,1.7684333333333333,2500,2500,1682,1438,0.8549346016646849,3.2466180324554443,55.31505872460131,94.8105473081008
106,108,1.8018,2500,2500,1422,1113,0.7827004219409283,5.603147983551025,46.5651273154105,94.72984503927266
108,110,1.8351666666666666,2500,2500,1646,1282,0.778857837181045,8.29180908203125,46.92476669674176,94.56013444907391
110,112,1.8685333333333334,2500,2500,1545,1148,0.7430420711974111,7.058592319488525,51.13080005661468,94.4868490540714
112,114,1.9019,2500,2500,1584,1199,0.7569444444444444,8.149331092834473,52.36137017221031,94.5019446681372
114,116,1.9352666666666667,2500,2500,1656,1257,0.7590579710144928,7.676992416381836,48.10826452413528,94.61022460698155
116,118,1.9686333333333335,2500,2500,1638,1165,0.7112332112332113,8.173138618469238,50.597710535742316,94.671259176266
118,120,2.0020000000000002,2500,2500,1605,1262,0.7862928348909657,9.357054710388184,52.45706840666631,94.71350355379714
120,122,2.0353666666666665,2500,2500,1672,1271,0.7601674641148325,7.770263671875,50.68716518513493,94.7260716828309
122,124,2.0687333333333333,2500,2500,1657,1215,0.7332528666264333,6.803062915802002,50.44915573233018,94.68366318289509
124,126,2.1021,2500,2500,1677,1278,0.7620751341681574,7.237630844116211,48.105323097893844,95.14040270532078
126,128,2.135466666666667,2500,2500,1687,1351,0.8008298755186722,6.093878746032715,47.811381531884216,95.11816959023376
128,130,2.168833333333333,2500,2500,1707,1346,0.7885178676039836,6.435738563537598,51.135427722525556,95.06083835183175
130,132,2.2022,2500,2500,1596,1203,0.7537593984962406,8.188515663146973,52.57097309624585,95.13904158351131
132,134,2.2355666666666667,2500,2500,1511,1129,0.7471872931833223,10.34403133392334,46.997679662489645,95.04795875494555
134,136,2.2689333333333335,2500,2500,1303,828,0.6354566385264774,13.405367851257324,46.57461006357192,94.98844870044233
136,138,2.3023000000000002,2500,2500,1192,831,0.6971476510067114,8.750689506530762,43.330092431263715,94.72589661893258
138,140,2.3356666666666666,2500,2500,1517,1170,0.7712590639419907,7.536965847015381,46.1251505847703,94.47111737450837
140,142,2.3690333333333333,2500,2500,1631,1280,0.7847946045370938,8.942837715148926,41.98439550703965,94.18215398620497
142,144,2.4024,2500,2500,1636,1373,0.839242053789731,9.075608253479004,41.229786353256685,93.95052767176686
144,146,2.435766666666667,2500,2500,1610,1357,0.8428571428571429,7.503064155578613,42.068526371422564,94.33359884691245
146,148,2.469133333333333,2500,2500,1604,1336,0.8329177057356608,4.53642463684082,53.30308345050513,94.06830774482687
148,150,2.5025,2500,2500,1727,1426,0.8257093225246092,2.8435802459716797,66.59144474184569,94.0246285727624
150,152,2.5358666666666667,2500,2500,1873,1635,0.8729311265349706,0.9499783515930176,66.15424281894344,94.13035330812413
152,154,2.5692333333333335,2500,2500,1698,1423,0.8380447585394581,2.647278308868408,52.481794699495325,94.94606427179254
154,156,2.6026000000000002,2500,2500,1742,1383,0.7939150401836969,5.152226448059082,50.56145678758985,95.09234620636532
156,158,2.6359666666666666,2500,2500,1826,1496,0.8192771084337349,4.542444705963135,54.570818007414864,95.12786958906668
158,160,2.6693333333333333,2500,2500,1823,1508,0.8272078990674712,3.859225034713745,54.28306041091155,95.15088611509867
160,162,2.7027,2500,2500,1810,1612,0.8906077348066298,2.460604190826416,67.44751148877647,95.59876740426922
162,164,2.736066666666667,2500,2500,1949,1795,0.9209851205746536,1.3174322843551636,63.17929644193721,95.5692902909562
164,166,2.769433333333333,2500,2500,1834,1638,0.8931297709923665,2.4141743183135986,65.90233637508379,95.55880834004411
166,168,2.8028,2500,2500,1848,1659,0.8977272727272727,1.750884771347046,66.52699724333469,95.47213493341737
168,170,2.8361666666666667,2500,2500,1865,1507,0.8080428954423593,1.811005711555481,65.15553164163191,95.4036010643885
170,172,2.8695333333333335,2500,2500,1830,1519,0.8300546448087431,2.2523233890533447,62.15988824612373,95.33665225307237
172,174,2.9029000000000003,2500,2500,1822,1557,0.8545554335894622,1.530535101890564,64.03442638355244,95.23288312734148
174,176,2.9362666666666666,2500,2500,1632,1358,0.8321078431372549,3.2321386337280273,51.83858584284139,95.34156279542033
176,178,2.9696333333333333,2500,2500,1724,1404,0.814385150812065,4.805872917175293,54.5816621146554,95.28293681360363
178,180,3.003,2500,2500,1722,1366,0.7932636469221835,5.287474632263184,54.694990995071606,95.16998120980824
180,182,3.036366666666667,2500,2500,1765,1359,0.769971671388102,6.09494161605835,49.84759230994288,95.09631067422943
182,184,3.069733333333333,2500,2500,1748,1336,0.7643020594965675,6.380117416381836,48.03708300172708,95.13693060467071
184,186,3.1031,2500,2500,1700,1413,0.8311764705882353,5.142087459564209,51.19928581530711,94.98172916447837
186,188,3.1364666666666667,2500,2500,1721,1495,0.8686809994189425,3.6508400440216064,56.44470211604088,94.96049756077635
188,190,3.1698333333333335,2500,2500,1803,1489,0.8258458125346645,2.852975606918335,57.38179197656149,94.98822914113651
190,192,3.2032000000000003,2500,2500,1506,1121,0.7443559096945551,5.376306533813477,46.26626836687312,95.20704880197938
192,194,3.2365666666666666,2500,2500,1613,1249,0.7743335399876008,8.49183177947998,44.772714479601525,95.49380857346264
194,196,3.2699333333333334,2500,2500,1768,1392,0.7873303167420814,8.383469581604004,44.8434625881397,95.7073661052951
196,198,3.3033,2500,2500,1775,1361,0.7667605633802816,10.234602928161621,44.423379663501635,95.88413031173044
198,200,3.336666666666667,2500,2500,1745,1345,0.7707736389684814,9.466947555541992,46.46178936621881,96.06868413220826
200,202,3.370033333333333,2500,2500,1650,1296,0.7854545454545454,8.010927200317383,49.40062772746212,96.12337482347723
202,204,3.4034,2500,2500,1410,1135,0.8049645390070922,4.380913257598877,55.7981591115978,96.05590665592942
204,206,3.4367666666666667,2500,2500,1728,1465,0.8478009259259259,1.680062174797058,56.5048466945442,95.9464917194776
206,208,3.4701333333333335,2500,2500,1766,1548,0.8765571913929785,2.1444029808044434,61.28755992646001,95.93644086341514
208,210,3.5035000000000003,2500,2500,1763,1509,0.8559273964832672,2.3013064861297607,60.24493995699622,95.93999320168528
210,212,3.5368666666666666,2500,2500,1753,1498,0.8545350827153452,2.724508047103882,54.143095235285884,95.9591145559796
212,214,3.5702333333333334,2500,2500,1738,1453,0.836018411967779,3.175527811050415,51.970084119033984,95.83393730378255
214,216,3.6036,2500,2500,1597,1386,0.867877269881027,3.3943231105804443,48.24416017236651,95.76230626261919
216,218,3.636966666666667,2500,2500,1655,1268,0.7661631419939577,5.310265064239502,49.10483694127962,95.63264664519217
218,220,3.6703333333333332,2500,2500,1684,1363,0.8093824228028503,4.752940654754639,48.70319095044415,95.54392572038795
220,222,3.7037,2500,2500,1723,1267,0.7353453279164248,5.288143634796143,52.44771762989872,95.45091208291026
222,224,3.7370666666666668,2500,2500,1686,1315,0.7799525504151839,4.86724853515625,52.001565235628476,95.41017981980089
224,226,3.7704333333333335,2500,2500,1653,1348,0.8154869933454325,4.573633670806885,51.379765909945185,95.39148810149038
226,228,3.8038,2500,2500,1688,1392,0.8246445497630331,3.7514610290527344,48.23600666443179,95.35350361215177
228,230,3.8371666666666666,2500,2500,1765,1489,0.8436260623229461,3.5847904682159424,51.66104633394598,95.43062509482628
230,232,3.8705333333333334,2500,2500,1749,1424,0.8141795311606632,3.6587886810302734,46.533074270915755,95.6013649148606
232,234,3.9039,2500,2500,1704,1385,0.812793427230047,4.673367023468018,51.22034056155015,95.80170293407093
234,236,3.937266666666667,2500,2500,1707,1422,0.8330404217926186,2.8447213172912598,59.96704036505474,95.87386354352672
236,238,3.9706333333333332,2500,2500,1741,1454,0.8351522113727743,2.5490145683288574,60.176420372862765,95.90960648553389
238,240,4.0040000000000004,2500,2500,1761,1515,0.8603066439522998,4.012712478637695,54.25759217577685,95.8686918641971
240,242,4.037366666666666,2500,2500,1828,1418,0.7757111597374179,3.5857088565826416,51.558527173983435,95.6570979657575
242,244,4.070733333333333,2500,2500,1743,1492,0.8559954102122777,3.639143228530884,50.36971298817348,95.46890062789585
244,246,4.1041,2500,2500,1691,1337,0.7906564163217031,5.282376289367676,46.70994454337139,95.09314566483432
246,248,4.137466666666667,2500,2500,1535,1228,0.8,6.202413082122803,48.903830944407936,94.78721201988726
248,250,4.170833333333333,2500,2500,1617,1239,0.7662337662337663,7.521450519561768,49.21145452202063,94.55611016771121
250,252,4.2042,2500,2500,1670,1385,0.8293413173652695,6.053477764129639,53.84019996727981,94.25885312722477
252,254,4.237566666666667,2500,2500,1798,1458,0.8109010011123471,4.8989715576171875,53.12752570975555,94.01834523767842
254,256,4.270933333333334,2500,2500,1808,1520,0.8407079646017699,3.8197250366210938,52.95210387035916,93.84498821236419
256,258,4.3043000000000005,2500,2500,1871,1676,0.8957776590058792,2.5293948650360107,55.6031737945317,93.7761443343487
258,260,4.337666666666666,2500,2500,1821,1586,0.870950027457441,2.137611150741577,59.2971229419162,93.84650689168213
260,262,4.371033333333333,2500,2500,1796,1591,0.8858574610244989,3.2245616912841797,54.9359205041584,93.80977265035071
262,264,4.4044,2500,2500,1781,1559,0.8753509264458169,3.2412736415863037,57.50369650114138,93.81394281829535
264,266,4.437766666666667,2500,2500,1824,1567,0.8591008771929824,2.429409980773926,56.94947211854415,93.77571032176745
266,268,4.471133333333333,2500,2500,1822,1589,0.8721185510428101,1.7616996765136719,60.2534877941326,93.7834919120479
268,270,4.5045,2500,2500,1826,1655,0.9063526834611172,1.266053557395935,65.04207491313208,93.89651535310388
270,272,4.537866666666667,2500,2500,1871,1700,0.9086050240513095,0.9593021273612976,62.06730045161094,93.9818137786959
272,274,4.571233333333334,2500,2500,1838,1498,0.8150163220892275,1.3171354532241821,60.82831315151811,94.08619198090636
274,276,4.6046000000000005,2500,2500,1718,1421,0.8271245634458673,2.3940088748931885,54.8806814214818,94.16473512832184
276,278,4.637966666666666,2500,2500,1698,1362,0.8021201413427562,4.558521747589111,53.265646933893855,94.25571291854861
278,280,4.671333333333333,2500,2500,1668,1302,0.7805755395683454,5.013005256652832,51.17895589329427,94.31592468751094
280,282,4.7047,2500,2500,1575,1127,0.7155555555555555,6.693239212036133,48.448672283129525,94.3884077063128
282,284,4.738066666666667,2500,2500,1669,1326,0.7944877171959257,8.258539199829102,48.598048755491206,94.45289978758913
284,286,4.771433333333333,2500,2500,1615,1236,0.7653250773993808,7.61018180847168,49.61117898283936,94.47402051748888
286,288,4.8048,2500,2500,1633,1273,0.7795468462951622,7.30315637588501,49.13038599437213,94.57874592976437
288,290,4.838166666666667,2500,2500,1560,1212,0.7769230769230769,7.360536098480225,51.25059523196454,94.63616761784718
290,292,4.871533333333334,2500,2500,1642,1323,0.8057247259439708,6.002222537994385,50.00627301976236,94.66402174293617
292,294,4.9049000000000005,2500,2500,1678,1249,0.7443384982121574,6.00541353225708,51.006906414805975,94.72706444102097
294,296,4.938266666666666,2500,2500,1600,1256,0.785,5.61322021484375,45.61343633073661,94.7174497858385
296,298,4.971633333333333,2500,2500,1598,1178,0.737171464330413,6.748387813568115,42.75289040823058,94.86058859400347
298,300,5.005,2500,2500,1609,1296,0.805469235550031,7.391356468200684,42.69495938938277,94.95677891180281
300,302,5.038366666666667,2500,2500,1564,1214,0.7762148337595908,6.477712154388428,40.19189784480564,95.08793678442632
302,304,5.071733333333333,2500,2500,1576,1200,0.7614213197969543,5.977677345275879,41.706885947800615,95.06665995588389
304,306,5.1051,2500,2500,1374,942,0.6855895196506551,8.244443893432617,46.92339446546764,95.02543386669468
306,308,5.138466666666667,2500,2500,1627,1244,0.7645974185617701,7.774118900299072,49.9184648744899,95.06685836163533
308,310,5.171833333333334,2500,2500,1431,1002,0.70020964360587,5.7027177810668945,51.94437486714495,95.15610374870161
310,312,5.2052000000000005,2500,2500,1502,1100,0.7323568575233023,3.2495691776275635,55.39288435994594,95.16581395959525
312,314,5.238566666666666,2500,2500,1732,1421,0.8204387990762124,2.2766833305358887,57.09523987028502,95.01609858431661
314,316,5.271933333333333,2500,2500,1797,1513,0.8419588202559822,2.724806547164917,57.342281429180076,94.90020117759649
316,318,5.3053,2500,2500,1840,1637,0.8896739130434783,2.7740767002105713,56.06153717677188,94.87095675338165
318,320,5.338666666666667,2500,2500,1779,1599,0.8988195615514334,2.526038885116577,63.84365449408602,94.9099237888496
320,322,5.372033333333333,2500,2500,1661,1481,0.8916315472606864,3.017411947250366,47.645174694580135,95.12106908604974
322,324,5.4054,2500,2500,1699,1360,0.8004708652148322,5.454982757568359,45.02745826772757,95.28929746857602
324,326,5.438766666666667,2500,2500,1718,1577,0.9179278230500582,4.262631416320801,49.92732612505986,95.32461661006268
326,328,5.472133333333334,2500,2500,1810,1498,0.8276243093922652,2.1865108013153076,61.193101608727915,95.32938564242615
328,330,5.5055000000000005,2500,2500,1887,1629,0.863275039745628,1.749510645866394,66.50184430924057,95.2993556189676
330,332,5.538866666666666,2500,2500,1900,1714,0.9021052631578947,2.1412665843963623,61.85545501887695,95.36542400476173
332,334,5.572233333333333,2500,2500,1920,1658,0.8635416666666667,2.709725856781006,59.12891677234734,95.47881580943711
334,336,5.6056,2500,2500,1919,1724,0.8983845752996352,2.6100914478302,62.64172574474364,95.431168522344
336,338,5.638966666666667,2500,2500,1892,1634,0.8636363636363636,1.1938949823379517,64.4794897207179,95.42132190749624
338,340,5.6723333333333334,2500,2500,1856,1593,0.8582974137931034,1.5326036214828491,62.047839715066836,95.52276851884271
340,342,5.7057,2500,2500,1853,1591,0.8586076632487858,3.2236862182617188,58.62344706065278,95.69709568992683
342,344,5.739066666666667,2500,2500,1897,1673,0.8819188191881919,3.048793315887451,59.09205894702197,95.71728858116546
344,346,5.772433333333334,2500,2500,1852,1674,0.9038876889848813,2.327226400375366,61.82460140401276,95.80065765671137
346,348,5.8058000000000005,2500,2500,1699,1371,0.8069452619187758,3.4954333305358887,50.59311645459278,96.00568374123222
348,350,5.839166666666666,2500,2500,1688,1381,0.818127962085308,5.787107467651367,47.54159039624577,96.36854014215189
350,352,5.872533333333333,2500,2500,1717,1352,0.7874199184624345,6.440528869628906,46.22902415949291,96.54991874117387
352,354,5.9059,2500,2500,1705,1319,0.7736070381231671,7.0036139488220215,45.85948324411067,96.79279874654249
354,356,5.939266666666667,2500,2500,1679,1317,0.7843954734961287,5.5542988777160645,51.683526221022674,96.7558405693078
356,358,5.9726333333333335,2500,2500,1605,1302,0.811214953271028,2.883678436279297,57.86310984968917,96.68021004750067
358,360,6.006,2500,2500,1808,1600,0.8849557522123894,1.423409104347229,59.624427371911715,96.61584926414808
360,362,6.039366666666667,2500,2500,1791,1559,0.870463428252373,2.0545198917388916,53.603976415277586,96.67286319923438
362,364,6.072733333333334,2500,2500,1561,1257,0.8052530429212044,4.982993125915527,43.458219531629915,97.09526977346732
364,366,6.1061000000000005,2500,2500,1607,1222,0.760423148724331,4.3359293937683105,51.96926549829415,97.37098447183222
366,368,6.139466666666666,2500,2500,1579,1184,0.7498416719442685,4.195295333862305,50.03770675761086,97.12689433726644
368,370,6.172833333333333,2500,2500,1676,1280,0.7637231503579952,6.729877471923828,48.290448386311816,97.20064875762986
370,372,6.2062,2500,2500,1499,1090,0.7271514342895263,5.490322589874268,44.64096585696075,97.31774899921805
372,374,6.239566666666667,2500,2500,1448,1019,0.7037292817679558,7.6340508460998535,38.96402471831719,97.3383124423748
374,376,6.2729333333333335,2500,2500,1599,1193,0.7460913070669168,7.983346939086914,40.11262490438721,97.03410755342367
376,378,6.3063,2500,2500,1503,1193,0.7937458416500333,6.7758893966674805,43.54781348519086,96.09190417002206
378,380,6.339666666666667,2500,2500,1568,1243,0.7927295918367347,4.473432540893555,49.581722665997894,95.86451440192337
380,382,6.373033333333334,2500,2500,1659,1390,0.8378541289933695,3.2621114253997803,47.747801010280725,95.92066104128007
382,384,6.4064000000000005,2500,2500,1614,1431,0.8866171003717472,5.104547500610352,43.92622024044123,96.10947985598077
384,386,6.439766666666666,2500,2500,1613,1359,0.842529448233106,4.377612590789795,48.03754318599526,96.16904607681803
386,388,6.473133333333333,2500,2500,1712,1379,0.8054906542056075,3.1257741451263428,49.44075946026806,96.13511066956106
388,390,6.5065,2500,2500,1732,1392,0.8036951501154734,2.412642478942871,51.56310978693451,96.09393053464514
390,392,6.539866666666667,2500,2500,1743,1423,0.8164084911072863,2.1416828632354736,50.6102338378136,95.99393184762438
392,394,6.5732333333333335,2500,2500,1660,1272,0.7662650602409639,2.225917100906372,52.38488219969831,95.90203643079724
394,396,6.6066,2500,2500,1671,1327,0.7941352483542788,2.413864850997925,52.46276223962574,95.91121926169718
396,398,6.639966666666667,2500,2500,1632,1283,0.7861519607843137,2.256544828414917,56.29481121774082,95.91846180105739
398,400,6.673333333333334,2500,2500,1650,1479,0.8963636363636364,3.2703261375427246,52.36476176647514,95.89877513625807
400,402,6.7067000000000005,2500,2500,1676,1254,0.7482100238663485,4.891792297363281,48.14525677385644,95.92510328770001
402,404,6.740066666666666,2500,2500,1694,1333,0.7868949232585596,5.780343532562256,46.41971655951228,95.93213866811386
404,406,6.773433333333333,2500,2500,1733,1334,0.7697634160415464,6.222265243530273,47.98883446052114,95.85380559737638
406,408,6.8068,2500,2500,1740,1397,0.8028735632183908,5.977501392364502,48.929222006091734,95.69735974464012
408,410,6.840166666666667,2500,2500,1654,1351,0.8168077388149939,4.188539981842041,57.898330930680736,95.43394912059568
410,412,6.8735333333333335,2500,2500,1840,1636,0.8891304347826087,2.4052340984344482,64.94383462657044,95.17608072779898
412,414,6.9069,2500,2500,1789,1664,0.9301285634432644,1.0722249746322632,66.87750092686309,95.01169499784088
414,416,6.940266666666667,2500,2500,1875,1599,0.8528,2.3684499263763428,63.40385249278608,94.9679093285716
416,418,6.973633333333334,2500,2500,1889,1640,0.8681842244573849,2.632802963256836,65.44801135941124,94.86345891250306
418,420,7.007000000000001,2500,2500,1893,1656,0.8748019017432647,2.141458511352539,69.0653208943227,94.80411589813615
420,422,7.040366666666666,2500,2500,1956,1719,0.8788343558282209,2.233241081237793,66.07704807962142,94.71731848791475
422,424,7.073733333333333,2500,2500,1953,1723,0.8822324628776241,2.389206886291504,66.21924367351767,94.63291580593584
424,426,7.1071,2500,2500,1961,1749,0.8918918918918919,2.333768367767334,64.1396240142408,94.54523724075955
426,428,7.140466666666667,2500,2500,1900,1687,0.8878947368421053,2.2624213695526123,66.50348458924361,94.5331082303374
428,430,7.1738333333333335,2500,2500,1920,1659,0.8640625,1.328636884689331,64.54079850869839,94.55963186979915
430,432,7.2072,2500,2500,1919,1617,0.8426263678999479,1.0971002578735352,68.89262906179665,94.64551748888344
432,434,7.240566666666667,2500,2500,1943,1694,0.871847658260422,1.166121244430542,67.3372061431542,95.28706978046988
434,436,7.273933333333334,2500,2500,1911,1806,0.945054945054945,0.7706332802772522,68.0124757765808,95.34902562351925
436,438,7.307300000000001,2500,2500,1927,1825,0.9470679813181111,1.3878157138824463,61.5628003648706,95.40923739248159
438,440,7.3406666666666665,2500,2500,1657,1433,0.8648159324079662,3.8313164710998535,49.21147622521002,95.64402579858314
440,442,7.374033333333333,2500,2500,1743,1477,0.8473895582329317,4.274872779846191,51.695623512052094,95.70587952102517
442,444,7.4074,2500,2500,1816,1634,0.8997797356828194,3.3220863342285156,55.37913120200721,95.79005024333883
444,446,7.440766666666667,2500,2500,1760,1506,0.8556818181818182,2.8795411586761475,56.285415365424875,95.88441041396777
446,448,7.4741333333333335,2500,2500,1708,1538,0.9004683840749415,2.7283453941345215,58.674396062477975,95.94067522145583
448,450,7.5075,2500,2500,1667,1351,0.8104379124175165,3.4145352840423584,55.55616442494353,95.9687693299721
450,452,7.540866666666667,2500,2500,1469,1108,0.7542545949625595,5.350201606750488,50.579078279039564,96.05071965850868
452,454,7.574233333333334,2500,2500,1618,1215,0.7509270704573547,8.175963401794434,49.34615789287017,96.09244322094231
454,456,7.6076,2500,2500,1646,1173,0.712636695018226,8.483133316040039,45.95452795334557,96.01442599465472
456,458,7.6409666666666665,2500,2500,1560,1187,0.7608974358974359,6.835063934326172,44.90128032734715,95.99064429350047
458,460,7.674333333333333,2500,2500,1700,1342,0.7894117647058824,5.782571315765381,42.32418100716394,95.81607495069034
460,462,7.7077,2500,2500,1709,1397,0.8174370977179637,5.873132228851318,44.400934320863385,95.59386561511619
462,464,7.741066666666667,2500,2500,1679,1365,0.8129839189994044,5.878687858581543,44.603205270182066,95.38055900820466
464,466,7.7744333333333335,2500,2500,1572,1141,0.7258269720101781,5.653635501861572,50.502597478939464,95.24695753533373
466,468,7.8078,2500,2500,1675,1284,0.7665671641791045,6.545562267303467,50.31076544891655,95.20343592077775
468,470,7.841166666666667,2500,2500,1603,1189,0.7417342482844667,5.299808979034424,53.29719557187617,95.14617397850215
470,472,7.874533333333334,2500,2500,1722,1435,0.8333333333333334,4.222757816314697,54.5631940071562,95.0490251858595
472,474,7.9079,2500,2500,1470,1061,0.7217687074829932,4.57265043258667,47.58452143177182,94.9506969002019
474,476,7.9412666666666665,2500,2500,1608,1254,0.7798507462686567,8.281468391418457,42.93117930372591,94.83083356675186
476,478,7.974633333333333,2500,2500,1442,1113,0.7718446601941747,5.217945575714111,52.35743222117677,94.79917471960599
478,480,8.008000000000001,2500,2500,1655,1283,0.775226586102719,3.8139686584472656,58.515071749596316,95.33311158572879
480,482,8.041366666666667,2500,2500,1746,1473,0.8436426116838488,2.444577932357788,58.39000757423811,95.30147316270438
482,484,8.074733333333333,2500,2500,1605,1254,0.7813084112149533,3.7138726711273193,51.78249649782914,95.31863015417294
484,486,8.1081,2500,2500,1706,1366,0.8007033997655334,5.41904878616333,50.211937905458164,95.30107270403697
486,488,8.141466666666666,2500,2500,1646,1260,0.7654921020656136,4.413613796234131,55.827329666042694,95.35024158817968
488,490,8.174833333333334,2500,2500,1673,1164,0.6957561267184699,5.838884353637695,51.01414158020284,95.42293687195827
490,492,8.2082,2500,2500,1578,1268,0.8035487959442332,3.6099348068237305,53.62201437636743,95.42176832043695
492,494,8.241566666666667,2500,2500,1686,1417,0.8404507710557533,3.7547190189361572,54.30282706050287,95.28958194741081
494,496,8.274933333333333,2500,2500,1596,1330,0.8333333333333334,4.068393707275391,51.42628507438474,95.29758090869834
496,498,8.308300000000001,2500,2500,1689,1443,0.8543516873889876,6.070539951324463,49.0920134193345,95.19430269131567
498,500,8.341666666666667,2500,2500,1664,1293,0.7770432692307693,6.2091755867004395,54.71457226330892,94.95463292018253
500,502,8.375033333333333,2500,2500,1665,1378,0.8276276276276276,6.269853591918945,46.25384946467798,95.05810808445082
502,504,8.4084,2500,2500,1672,1290,0.7715311004784688,7.054905414581299,48.014503400168486,95.03983287233173
504,506,8.441766666666666,2500,2500,1687,1459,0.8648488441019562,4.546668529510498,46.6314379944959,94.94186711483025
506,508,8.475133333333334,2500,2500,1803,1581,0.8768718801996672,4.05568790435791,48.68018820003668,94.983072779898
508,510,8.5085,2500,2500,1802,1493,0.8285238623751388,3.9551117420196533,56.943087870601794,95.05899142770444
510,512,8.541866666666667,2500,2500,1819,1591,0.8746564046179219,2.3743698596954346,62.24616847559134,95.066788336076
512,514,8.575233333333333,2500,2500,1857,1648,0.8874528809908454,0.8079476952552795,64.34401048400916,95.12054462378768
514,516,8.608600000000001,2500,2500,1834,1570,0.8560523446019629,1.4321013689041138,62.70394562461222,95.15696302066921
516,518,8.641966666666667,2500,2500,1632,1392,0.8529411764705882,3.3274552822113037,50.680169234780976,95.29047258499352
518,520,8.675333333333333,2500,2500,1741,1455,0.8357265939115451,5.080029010772705,49.79641155743183,95.38592179895662
520,522,8.7087,2500,2500,1760,1449,0.8232954545454545,4.909597396850586,49.1242711500368,95.62181675478216
522,524,8.742066666666666,2500,2500,1655,1288,0.7782477341389729,6.293023586273193,47.91792996499538,95.96944113768193
524,526,8.775433333333334,2500,2500,1556,1259,0.8091259640102828,6.10936164855957,47.88990621841881,96.10875625853437
526,528,8.8088,2500,2500,1470,1113,0.7571428571428571,3.5515291690826416,55.05150430805855,96.07395793214523
528,530,8.842166666666667,2500,2500,1555,1247,0.8019292604501608,2.503431558609009,45.48835467746355,96.19310788020961
530,532,8.875533333333333,2500,2500,1596,1267,0.793859649122807,6.330114364624023,44.11338311228943,95.96168288925458
532,534,8.908900000000001,2500,2500,1476,1239,0.8394308943089431,3.8027923107147217,52.125292256572926,95.68050036179872
534,536,8.942266666666667,2500,2500,1579,1237,0.7834072197593414,3.100247859954834,52.955627455570415,95.79786538753312
536,538,8.975633333333333,2500,2500,1617,1338,0.8274582560296846,4.64397668838501,53.16808519625631,95.94311809227034
538,540,9.009,2500,2500,1451,1073,0.7394900068917988,7.375214576721191,53.231062556592114,96.1645673587526
540,542,9.042366666666666,2500,2500,1508,1040,0.6896551724137931,9.179730415344238,49.55963856290301,96.28762560834704
542,544,9.075733333333334,2500,2500,1525,1139,0.7468852459016393,12.180684089660645,46.94335904216026,96.35682326132371
544,546,9.1091,2500,2500,1342,949,0.7071535022354695,9.047564506530762,48.41313598114492,96.2841170360515
546,548,9.142466666666667,2500,2500,1500,1147,0.7646666666666667,4.333219528198242,54.31486449010998,96.21970811012686
548,550,9.175833333333333,2500,2500,1681,1400,0.8328375966686496,3.052654266357422,51.49920333995018,96.24146709382258
550,552,9.209200000000001,2500,2500,1733,1477,0.8522792844777842,2.9350454807281494,56.802652574935856,96.33660411050033
552,554,9.242566666666667,2500,2500,1831,1568,0.8563626433642818,2.127605676651001,58.62900517106632,96.30258263016
554,556,9.275933333333333,2500,2500,1703,1552,0.911332941867293,1.7434988021850586,62.25923197734358,96.35577506623251
556,558,9.3093,2500,2500,1565,1298,0.8293929712460064,3.2256388664245605,46.68382491653959,96.37746840096635
558,560,9.342666666666666,2500,2500,1428,1238,0.8669467787114846,6.074610233306885,42.80204578348148,96.45306609829254
560,562,9.376033333333334,2500,2500,1551,1307,0.842682140554481,7.718108177185059,41.26015731651597,96.39563857474644
562,564,9.4094,2500,2500,1591,1260,0.7919547454431175,8.591201782226562,47.29945913945258,96.35513973016818
564,566,9.442766666666667,2500,2500,1581,1216,0.7691334598355472,8.883299827575684,50.7602304637056,96.24642431987675
566,568,9.476133333333333,2500,2500,1579,1235,0.7821405953134896,5.635687828063965,55.26886172484818,96.16919342226579
568,570,9.509500000000001,2500,2500,1634,1342,0.8212974296205631,3.97047758102417,59.8727084433887,96.11160615291249
570,572,9.542866666666667,2500,2500,1786,1458,0.8163493840985442,2.974175453186035,55.356427065308914,96.16207780423188
572,574,9.576233333333333,2500,2500,1868,1664,0.8907922912205567,2.568272113800049,57.66448753713648,96.22127420258394
574,576,9.6096,2500,2500,1895,1627,0.858575197889182,1.8402023315429688,61.87041713798579,96.27003971032761
576,578,9.642966666666666,2500,2500,1929,1732,0.897874546397097,1.4910047054290771,67.98129275891175,96.33493225027135
578,580,9.676333333333334,2500,2500,1973,1810,0.9173846933603649,0.8868154883384705,69.40940332624578,96.32662765659465
580,582,9.7097,2500,2500,1957,1753,0.8957588145120082,0.9978790283203125,73.13986293175259,96.30034327112729
582,584,9.743066666666667,2500,2500,1939,1735,0.8947911294481692,0.9972169995307922,69.89805233262747,96.27426969177083
584,586,9.776433333333333,2500,2500,1981,1855,0.9363957597173145,1.335376262664795,70.79958685598494,96.17219576812204
586,588,9.809800000000001,2500,2500,1978,1781,0.9004044489383215,1.4644500017166138,68.96536562347723,96.07503019852246
588,590,9.843166666666667,2500,2500,1967,1840,0.9354346720894764,0.8890228271484375,72.67236195994559,95.47465950071776
590,592,9.876533333333333,2500,2500,2009,1922,0.9566948730711797,0.5085081458091736,70.39643485063894,95.47209846177188
592,594,9.9099,2500,2500,1929,1734,0.8989113530326595,1.4419482946395874,67.9426083912702,95.59738148174084
594,596,9.943266666666666,2500,2500,1942,1743,0.8975283213182287,1.6361030340194702,66.17359756425006,95.67413897739341
596,598,9.976633333333334,2500,2500,1853,1568,0.846195358877496,1.284352421760559,68.0684196820652,95.73604376013911
598,600,10.01,2500,2500,1819,1567,0.8614623419461243,1.5138638019561768,64.44320429763485,95.7132971242837
600,602,10.043366666666667,2500,2500,1805,1575,0.8725761772853186,2.304135322570801,54.95791275495742,95.66447034417563
602,604,10.076733333333333,2500,2500,1616,1278,0.7908415841584159,4.168826103210449,50.6423936132578,95.61746495804302
604,606,10.110100000000001,2500,2500,1652,1287,0.7790556900726392,6.359997749328613,47.363437421546664,95.44462072406428
606,608,10.143466666666667,2500,2500,1663,1367,0.8220084185207457,6.585525989532471,47.144634100986266,95.33141054818341
608,610,10.176833333333333,2500,2500,1662,1229,0.7394705174488568,7.814103603363037,45.57388996748891,95.13451253457512
610,612,10.2102,2500,2500,1680,1324,0.7880952380952381,8.994901657104492,45.87287819509088,94.9546008251345
612,614,10.243566666666666,2500,2500,1625,1322,0.8135384615384615,7.674749374389648,45.94616787580858,94.84113680660107
614,616,10.276933333333334,2500,2500,1656,1416,0.855072463768116,6.6009016036987305,47.54470532405663,94.65335743379667
616,618,10.3103,2500,2500,1665,1393,0.8366366366366367,7.310679912567139,45.2907630172754,95.01867567078651
618,620,10.343666666666667,2500,2500,1670,1313,0.7862275449101797,7.464177131652832,45.3044068412666,95.03642277347899
620,622,10.377033333333333,2500,2500,1526,1131,0.7411533420707732,7.59989595413208,42.44969960805237,94.94547999603188
622,624,10.410400000000001,2500,2500,1443,1154,0.7997227997227997,3.8171162605285645,47.18548675875889,94.79143616586721
624,626,10.443766666666667,2500,2500,1655,1282,0.7746223564954683,1.4022712707519531,55.271758316264176,94.61292204988155
626,628,10.477133333333333,2500,2500,1728,1540,0.8912037037037037,1.4087165594100952,58.85264061223611,94.57642341537995
628,630,10.5105,2500,2500,1582,1334,0.843236409608091,2.8621160984039307,53.11246073931833,94.65745538788325
630,632,10.543866666666666,2500,2500,1568,1231,0.7850765306122449,4.206759929656982,40.77196742758353,94.74380273799937
632,634,10.577233333333334,2500,2500,1492,1054,0.7064343163538874,6.511298179626465,43.150250682416385,94.70598820652872
634,636,10.6106,2500,2500,1433,1106,0.7718073970690859,7.854755401611328,47.20146405470146,94.60797722418683
636,638,10.643966666666667,2500,2500,1600,1275,0.796875,8.243691444396973,44.47654561797635,94.69234124622153
638,640,10.677333333333333,2500,2500,1578,1194,0.7566539923954373,9.42809772491455,41.618045694313,94.69292333368347
640,642,10.710700000000001,2500,2500,1435,1089,0.7588850174216027,7.33351993560791,47.33087212875165,94.71730389925656
642,644,10.744066666666667,2500,2500,1516,1198,0.7902374670184696,3.262592077255249,56.92988501887726,94.6670153355975
644,646,10.777433333333333,2500,2500,1820,1444,0.7934065934065934,1.6491014957427979,61.57015724928379,94.57727612245137
646,648,10.8108,2500,2500,1821,1603,0.8802855573860516,2.3418002128601074,60.40815798350313,94.55976535602161
648,650,10.844166666666666,2500,2500,1757,1523,0.8668184405236198,2.3903117179870605,58.481445945454226,94.69709058389645
650,652,10.877533333333334,2500,2500,1710,1426,0.8339181286549707,2.794581413269043,58.77618295242522,94.79035879345962
652,654,10.9109,2500,2500,1653,1369,0.8281911675741077,3.91967511177063,58.191038708610655,94.87339305929997
654,656,10.944266666666667,2500,2500,1726,1367,0.7920046349942063,4.797932147979736,54.96302304202384,94.9275213577956
656,658,10.977633333333333,2500,2500,1673,1438,0.8595337716676629,2.9255313873291016,60.12373640336067,94.98109966387732
658,660,11.011000000000001,2500,2500,1832,1616,0.8820960698689956,0.9178566336631775,68.74368456255522,95.01634002660971
660,662,11.044366666666667,2500,2500,1679,1363,0.8117927337701013,3.1628615856170654,55.424483328147794,95.15248794976833
662,664,11.077733333333333,2500,2500,1487,1122,0.7545393409549428,4.657803535461426,57.85810461881009,95.35463277429595
664,666,11.1111,2500,2500,1604,1200,0.7481296758104738,8.727913856506348,52.16362194469352,95.4612933720808
666,668,11.144466666666666,2500,2500,1642,1302,0.7929354445797807,9.004090309143066,51.63772569631056,95.40384834214488
668,670,11.177833333333334,2500,2500,1509,1136,0.7528164347249834,5.760042667388916,50.36795992955976,95.21934266423911
670,672,11.2112,2500,2500,1720,1371,0.797093023255814,3.754906415939331,52.6191459514092,95.20932463265758
672,674,11.244566666666667,2500,2500,1812,1589,0.8769315673289183,3.0788121223449707,52.874572504027796,95.28410609455784
674,676,11.277933333333333,2500,2500,1856,1534,0.8265086206896551,3.1755833625793457,60.3717596458495,95.30158914253703
676,678,11.311300000000001,2500,2500,1915,1631,0.8516971279373368,2.7062482833862305,64.22621308955452,95.30369501534727
678,680,11.344666666666667,2500,2500,1863,1662,0.8921095008051529,1.8476442098617554,65.21054484110968,95.27113823628957
680,682,11.378033333333333,2500,2500,1917,1604,0.8367240479916537,1.2814708948135376,64.60744023551952,95.14372527222436
682,684,11.4114,2500,2500,1906,1701,0.8924449108079748,0.9855911731719971,66.08713937873875,95.03573710654389
684,686,11.444766666666666,2500,2500,1828,1532,0.838074398249453,2.2775938510894775,56.529931438748235,95.02131548848664
686,688,11.478133333333334,2500,2500,1785,1501,0.8408963585434174,3.430183172225952,53.94349651333396,95.04342168224736
688,690,11.5115,2500,2500,1706,1387,0.8130128956623681,4.5957159996032715,53.707739921292074,95.16239364868177
690,692,11.544866666666667,2500,2500,1791,1426,0.7962032384142937,6.191970348358154,49.58075459875653,95.2957011600901
692,694,11.578233333333333,2500,2500,1626,1305,0.8025830258302583,6.790099620819092,49.5266011067108,95.58527289544017
694,696,11.611600000000001,2500,2500,1738,1407,0.8095512082853855,9.030532836914062,47.52523107166488,95.80159862516486
696,698,11.644966666666667,2500,2500,1259,958,0.7609213661636219,5.071872234344482,56.266737947487705,95.57952131694735
698,700,11.678333333333333,2500,2500,1702,1447,0.8501762632197415,1.9013020992279053,46.95789682051368,95.50866055693662
700,702,11.7117,2500,2500,1644,1335,0.8120437956204379,4.318066596984863,49.2161071342653,95.50984442654902
702,704,11.745066666666666,2500,2500,1679,1513,0.901131625967838,3.811553478240967,54.3452884178317,95.50823310925155
704,706,11.778433333333334,2500,2500,1698,1463,0.8616018845700825,3.2010610103607178,52.005693308676115,95.7281899560006
706,708,11.8118,2500,2500,1806,1639,0.907530454042082,2.6182162761688232,56.187342132040065,95.80235796482383
708,710,11.845166666666668,2500,2500,1789,1476,0.825041922861934,2.0037105083465576,58.051092350438424,95.87172046963808
710,712,11.878533333333333,2500,2500,1749,1430,0.8176100628930818,3.25702166557312,53.31180055359882,96.09174588308066
712,714,11.911900000000001,2500,2500,1724,1352,0.7842227378190255,2.6363701820373535,59.79874354265919,96.25588506471529
714,716,11.945266666666667,2500,2500,1796,1457,0.8112472160356348,2.294623374938965,56.655738679723314,96.36503594645379
716,718,11.978633333333333,2500,2500,1786,1520,0.851063829787234,2.4059906005859375,56.95067464334228,96.49250288855433
718,720,12.012,2500,2500,1735,1412,0.8138328530259366,2.113942861557007,56.62080854492745,96.6224302078592
720,722,12.045366666666666,2500,2500,1757,1484,0.8446215139442231,2.324638605117798,53.10752541401411,96.79261565888216
722,724,12.078733333333334,2500,2500,1728,1444,0.8356481481481481,2.037079334259033,58.34801625113534,96.86423138195441
724,726,12.1121,2500,2500,1699,1448,0.8522660388463802,1.3670790195465088,53.28912336529343,96.96276390882672
726,728,12.145466666666668,2500,2500,1516,1182,0.7796833773087071,4.223165035247803,45.03678145682054,96.93719655590958
728,730,12.178833333333333,2500,2500,1617,1227,0.7588126159554731,5.584463596343994,40.93502310312974,96.7570543456695
730,732,12.212200000000001,2500,2500,1568,1177,0.7506377551020408,8.000738143920898,40.460870192398815,96.57416071449413
732,734,12.245566666666667,2500,2500,1649,1278,0.7750151607034567,7.549262046813965,40.19515770211094,96.32763354457711
734,736,12.278933333333333,2500,2500,1558,1134,0.7278562259306803,9.057381629943848,47.53127961471766,96.28773137611896
736,738,12.3123,2500,2500,1658,1366,0.8238841978287093,9.566819190979004,47.55873453857363,96.35338909118495
738,740,12.345666666666666,2500,2500,1574,1230,0.7814485387547649,10.232643127441406,47.39650025972132,96.30919712778497
740,742,12.379033333333334,2500,2500,1633,1239,0.7587262706674831,8.125323295593262,49.48482406226951,96.27875789246409
742,744,12.4124,2500,2500,1651,1408,0.8528164748637189,5.6816911697387695,55.536147977550456,96.27700798291376
744,746,12.445766666666668,2500,2500,1756,1408,0.8018223234624146,4.229893684387207,54.733803958779745,96.22966122217943
746,748,12.479133333333333,2500,2500,1818,1534,0.8437843784378438,3.7796685695648193,56.819174246021284,96.28803044361192
748,750,12.512500000000001,2500,2500,1843,1561,0.8469886055344547,3.199296236038208,61.97346968303643,96.22409856681021
750,752,12.545866666666667,2500,2500,1839,1594,0.8667754214246873,2.990799903869629,59.03658449016526,96.12908190656256
752,754,12.579233333333333,2500,2500,1816,1550,0.8535242290748899,2.7963478565216064,59.04354970839791,96.01926942917498
754,756,12.6126,2500,2500,1882,1746,0.9277364505844846,2.3153128623962402,61.01797486302127,95.91133013549945
756,758,12.645966666666666,2500,2500,1891,1681,0.8889476467477525,1.88479745388031,64.23979580978117,95.79623072838253
758,760,12.679333333333334,2500,2500,1903,1711,0.8991066736731477,1.854852318763733,65.14058523615192,95.7090474481519
760,762,12.7127,2500,2500,1964,1727,0.8793279022403259,1.5086930990219116,68.90667293755396,95.6847113779863
762,764,12.746066666666668,2500,2500,1983,1893,0.9546142208774584,0.8798938989639282,70.11672448702171,95.66681109438278
764,766,12.779433333333333,2500,2500,2102,2045,0.972882968601332,0.20375336706638336,72.23800222311661,95.72202551848092
766,768,12.812800000000001,2500,2500,2042,1956,0.9578844270323212,0.5898624062538147,70.87911476169724,95.68181479990196
768,770,12.846166666666667,2500,2500,1901,1764,0.9279326670173593,0.8553032875061035,71.02923461020383,95.62477679352963
770,772,12.879533333333333,2500,2500,1952,1834,0.9395491803278688,0.9233864545822144,67.2345333726625,95.71334745515446
772,774,12.9129,2500,2500,1896,1670,0.880801687763713,1.7842227220535278,64.14043376642653,95.91196036553342
774,776,12.946266666666666,2500,2500,1885,1755,0.9310344827586207,1.4026484489440918,67.48024400104542,95.96416514944622
776,778,12.979633333333334,2500,2500,1807,1640,0.9075816270060875,1.4364748001098633,63.65507724315693,96.09290422254122
778,780,13.013,2500,2500,1705,1344,0.7882697947214077,2.4519567489624023,63.87627733888849,96.16526323774845
780,782,13.046366666666668,2500,2500,1806,1493,0.8266888150609081,2.5984601974487305,61.43033603752528,96.19049505152714
782,784,13.079733333333333,2500,2500,1794,1561,0.8701226309921962,1.428100824356079,63.491296680960374,96.15747143540726
784,786,13.113100000000001,2500,2500,1826,1550,0.8488499452354874,1.6456838846206665,62.62212452202817,96.15280306478532
786,788,13.146466666666667,2500,2500,1761,1450,0.8233957978421351,2.592806100845337,57.39689892086947,96.25459834506262
788,790,13.179833333333333,2500,2500,1784,1582,0.8867713004484304,3.8106980323791504,50.695570267623815,96.30514366910589
790,792,13.2132,2500,2500,1732,1511,0.8724018475750578,3.581209897994995,45.735568666215606,96.42542788534482
792,794,13.246566666666666,2500,2500,1723,1405,0.8154381892048752,2.9219610691070557,50.69054070869498,96.39092352041828
794,796,13.279933333333334,2500,2500,1760,1617,0.91875,2.7035133838653564,49.74906018738595,96.42308057024147
796,798,13.3133,2500,2500,1712,1535,0.8966121495327103,3.1008522510528564,41.83694403104566,96.60364658100207
798,800,13.346666666666668,2500,2500,1637,1464,0.8943188759926696,5.045372009277344,41.781816955998416,96.71755774190913
800,802,13.380033333333333,2500,2500,1512,1370,0.906084656084656,6.940304756164551,42.054790242030116,96.94804759987396
802,804,13.413400000000001,2500,2500,1691,1495,0.8840922531046718,7.7415618896484375,42.90369088309903,97.17398069045201
804,806,13.446766666666667,2500,2500,1600,1446,0.90375,7.161301612854004,44.72678839897047,96.74600781368532
806,808,13.480133333333333,2500,2500,1644,1341,0.8156934306569343,6.260378837585449,47.897139402725124,96.90490966702846
808,810,13.5135,2500,2500,1729,1457,0.8426836321573163,5.19240665435791,50.92002868371804,96.99344166870908
810,812,13.546866666666666,2500,2500,1724,1489,0.8636890951276102,4.075374126434326,54.4447109619952,97.09716411073376
812,814,13.580233333333334,2500,2500,1825,1572,0.8613698630136987,2.4940316677093506,59.617717097246185,96.5742650234002
814,816,13.6136,2500,2500,1798,1526,0.8487208008898777,2.2966525554656982,61.37007959193849,96.67346206365323
816,818,13.646966666666668,2500,2500,1890,1678,0.8878306878306879,1.9685102701187134,62.86949319455418,96.75286083587176
818,820,13.680333333333333,2500,2500,1864,1597,0.8567596566523605,2.2118515968322754,60.20260515055585,96.1943435395586
820,822,13.713700000000001,2500,2500,1806,1491,0.8255813953488372,3.1332061290740967,58.05678282365876,96.21347291761494
822,824,13.747066666666667,2500,2500,1884,1522,0.807855626326964,3.626789093017578,53.84821373965996,96.21588077564978
824,826,13.780433333333333,2500,2500,1812,1501,0.8283664459161147,3.92695951461792,50.74156214318813,96.3075566331711
826,828,13.8138,2500,2500,1810,1461,0.8071823204419889,4.030085563659668,47.729826057561084,95.87888058307949
828,830,13.847166666666666,2500,2500,1797,1446,0.8046744574290484,3.6315927505493164,51.28957489876934,95.91681547098024
830,832,13.880533333333334,2500,2500,1781,1467,0.823694553621561,2.9787940979003906,53.214191531211284,95.97296867523313
832,834,13.9139,2500,2500,1805,1609,0.8914127423822714,2.211678981781006,60.01844149244274,96.03935728207462
834,836,13.947266666666668,2500,2500,1883,1627,0.8640467339352098,1.6804912090301514,64.76130240694671,95.99388881108271
836,838,13.980633333333333,2500,2500,1943,1849,0.9516212043232115,0.8960140943527222,68.01414686805026,95.47920824434252
838,840,14.014000000000001,2500,2500,2015,1890,0.9379652605459057,0.3275201916694641,70.87419565696565,95.46946156180339
840,842,14.047366666666667,2500,2500,1971,1878,0.9528158295281582,0.9060425162315369,66.74369603045947,95.45187493435104
842,844,14.080733333333333,2500,2500,1979,1884,0.9519959575543203,0.6463175415992737,69.99651211033436,95.36062287735024
844,846,14.1141,2500,2500,1963,1850,0.9424350483953133,1.0178073644638062,66.89048853382056,95.40988512890539
846,848,14.147466666666666,2500,2500,1943,1741,0.8960370560988162,1.2050809860229492,68.42080705606965,94.97850288271886
848,850,14.180833333333334,2500,2500,1964,1848,0.9409368635437881,0.5757713913917542,67.97915801768978,95.03567364588075
850,852,14.2142,2500,2500,2004,1917,0.9565868263473054,0.33731746673583984,69.73684704633463,95.05003545043941
852,854,14.247566666666668,2500,2500,1951,1811,0.9282419272168119,1.1410452127456665,67.17070128035338,95.04353474434835
854,856,14.280933333333333,2500,2500,1938,1760,0.9081527347781218,1.1330490112304688,67.72177690909427,94.89342328699975
856,858,14.314300000000001,2500,2500,1970,1838,0.932994923857868,1.0465327501296997,66.24245105181659,94.80766240094302
858,860,14.347666666666667,2500,2500,2026,1950,0.9624876604146101,1.2685433626174927,66.98903253071579,94.74672046963808
860,862,14.381033333333333,2500,2500,1959,1733,0.8846350178662583,1.3491748571395874,66.23935306173313,94.67910860380705
862,864,14.4144,2500,2500,1951,1785,0.9149154279856484,1.306790828704834,67.58697297616992,94.64064487704678
864,866,14.447766666666666,2500,2500,1949,1783,0.9148281169830682,1.384131669998169,65.03971396334279,94.58737949768332
866,868,14.481133333333334,2500,2500,1964,1785,0.9088594704684317,2.0588083267211914,62.60486303913144,94.55984413477586
868,870,14.5145,2500,2500,1915,1747,0.9122715404699739,2.2176828384399414,64.24032937220674,94.53126641224047
870,872,14.547866666666668,2500,2500,1943,1810,0.9315491507977355,1.7225903272628784,61.82591231686405,94.53117450369385
872,874,14.581233333333333,2500,2500,1921,1741,0.9062988027069234,1.9275739192962646,62.28112417390211,94.5092251380087
874,876,14.614600000000001,2500,2500,1906,1717,0.9008394543546695,2.320042133331299,58.97814740430829,94.50262814677357
876,878,14.647966666666667,2500,2500,1854,1659,0.8948220064724919,2.7915091514587402,56.87188880439591,94.50480331571023
878,880,14.681333333333333,2500,2500,1890,1663,0.8798941798941798,3.205172300338745,53.84789781564823,94.61840592649651
880,882,14.7147,2500,2500,1792,1602,0.8939732142857143,3.636381149291992,48.91584991188704,94.82381058669748
882,884,14.748066666666666,2500,2500,1757,1469,0.836084234490609,4.472715854644775,44.241807374294076,95.09263943839501
884,886,14.781433333333334,2500,2500,1811,1451,0.8012147984538929,4.007795810699463,46.383348789020395,95.41250598134985
886,888,14.8148,2500,2500,1817,1584,0.8717666483214089,3.4741291999816895,47.18696103118863,95.65033393438605
888,890,14.848166666666668,2500,2500,1853,1551,0.8370210469508904,3.0485970973968506,51.71054548592871,95.95438710129197
890,892,14.881533333333334,2500,2500,1900,1699,0.8942105263157895,2.360403299331665,57.01983795082616,95.56107395866158
892,894,14.9149,2500,2500,1934,1794,0.9276111685625646,1.7748491764068604,61.27591211274583,95.63174214838416
894,896,14.948266666666667,2500,2500,1882,1671,0.88788522848034,1.8507477045059204,59.78311394245143,95.77698537049356
896,898,14.981633333333333,2500,2500,1911,1658,0.8676085818942961,2.051791191101074,59.602507478058286,95.95003749285156
898,900,15.015,2500,2500,1888,1588,0.8411016949152542,2.3894217014312744,57.17315401979927,96.11286223638295
900,902,15.048366666666666,2500,2500,1874,1619,0.8639274279615795,2.825551986694336,52.44457627748347,96.30160810779267
902,904,15.081733333333334,2500,2500,1814,1541,0.8495038588754135,3.4888978004455566,53.083832110827075,95.84727571396893
904,906,15.1151,2500,2500,1829,1595,0.8720612356478951,3.881300926208496,53.76358891008738,96.01044985586405
906,908,15.148466666666668,2500,2500,1840,1414,0.7684782608695652,3.734494924545288,55.375018018403054,95.96382523371031
908,910,15.181833333333334,2500,2500,1838,1404,0.763873775843308,3.1811654567718506,55.47142932144245,95.25543573404292
910,912,15.2152,2500,2500,1837,1533,0.8345127925966249,3.105154037475586,60.352905748426934,95.09424710852795
912,914,15.248566666666667,2500,2500,1883,1536,0.8157195963887414,2.190305233001709,62.69965988772037,94.9912358635902
914,916,15.281933333333333,2500,2500,1879,1625,0.8648217136774881,2.0756845474243164,63.30026280183864,94.8879182568304
916,918,15.3153,2500,2500,1821,1514,0.8314113124656782,2.8703505992889404,57.16859906336289,94.74579992530607
918,920,15.348666666666666,2500,2500,1852,1476,0.796976241900648,3.586848497390747,54.67878810916757,94.50781222646266
920,922,15.382033333333334,2500,2500,1764,1466,0.8310657596371882,3.9413082599639893,49.91460210959465,93.78133352006816
922,924,15.4154,2500,2500,1761,1454,0.8256672345258376,4.573464393615723,49.343221844334195,93.51900099786423
924,926,15.448766666666668,2500,2500,1868,1556,0.8329764453961456,4.715513229370117,47.76052204315254,93.28235180841007
926,928,15.482133333333334,2500,2500,1850,1441,0.778918918918919,5.925927639007568,47.801755582578714,92.98143520301576
928,930,15.5155,2500,2500,1810,1467,0.8104972375690608,5.0684075355529785,50.18894956705018,92.69749177199678
930,932,15.548866666666667,2500,2500,1794,1373,0.7653288740245262,4.149304389953613,47.96296488433392,92.42442856225856
932,934,15.582233333333333,2500,2500,1794,1380,0.7692307692307693,4.626587390899658,50.33635104731039,92.11154852771261
934,936,15.6156,2500,2500,1848,1452,0.7857142857142857,3.707597494125366,54.28476831770969,92.32477562643699
936,938,15.648966666666666,2500,2500,1866,1585,0.8494105037513398,1.9607852697372437,61.48851409036957,92.251025582671
938,940,15.682333333333334,2500,2500,1828,1596,0.8730853391684902,1.3262749910354614,49.9597507417401,92.37430776816872
940,942,15.7157,2500,2500,1612,1345,0.8343672456575683,4.669032573699951,43.83980206486948,92.74859438278305
942,944,15.749066666666668,2500,2500,1765,1480,0.8385269121813032,6.9136152267456055,42.76827150245099,92.99104256386914
944,946,15.782433333333334,2500,2500,1683,1361,0.8086749851455733,7.58396053314209,44.271294719415735,93.81055241413115
946,948,15.8158,2500,2500,1400,1119,0.7992857142857143,9.806459426879883,45.3419041662401,94.48819339892394
948,950,15.849166666666667,2500,2500,1526,1285,0.8420707732634338,13.198168754577637,47.13876096355001,95.37905637641072
950,952,15.882533333333333,2500,2500,1615,1312,0.8123839009287925,14.171646118164062,45.520348664499885,96.2331559352497
952,954,15.9159,2500,2500,1556,1222,0.7853470437017995,15.247730255126953,49.56882735156194,97.31487211582227
954,956,15.949266666666666,2500,2500,1577,1294,0.8205453392517438,16.024412155151367,48.54715743753435,98.03562112671125
956,958,15.982633333333334,2500,2500,1506,1154,0.7662682602921647,14.120316505432129,47.21466013728638,99.26682947609211
958,960,16.016000000000002,2500,2500,1545,1247,0.8071197411003236,13.201013565063477,47.50287014873017,99.96293678442632
960,962,16.049366666666668,2500,2500,1624,1307,0.8048029556650246,12.59488582611084,44.51522374246211,100.54803972199853
962,964,16.082733333333334,2500,2500,1573,1162,0.7387158296249206,10.635552406311035,45.364617395980744,100.99460876136456
964,966,16.1161,2500,2500,1510,1169,0.7741721854304636,11.619140625,44.017635168074094,100.93915362440625
966,968,16.149466666666665,2500,2500,1587,1246,0.7851291745431632,10.463150978088379,44.92111410393304,101.30164895603562
968,970,16.182833333333335,2500,2500,1680,1231,0.7327380952380952,8.880424499511719,43.770198383264095,101.02510270415368
970,972,16.2162,2500,2500,1604,1200,0.7481296758104738,9.199536323547363,44.1989435355689,100.86537075615934
972,974,16.249566666666666,2500,2500,1685,1287,0.7637982195845697,8.787610054016113,42.93901847604075,100.82356841497146
974,976,16.282933333333332,2500,2500,1716,1208,0.703962703962704,7.594647407531738,44.11017677664662,100.25352607868538
976,978,16.316300000000002,2500,2500,1756,1351,0.7693621867881549,6.348753452301025,43.90641784602961,99.76787621231749
978,980,16.349666666666668,2500,2500,1702,1251,0.7350176263219741,7.0551371574401855,46.50089869263696,99.14828641620858
980,982,16.383033333333334,2500,2500,1649,1237,0.7501516070345664,4.072388172149658,47.865306322918975,98.31541554333998
982,984,16.4164,2500,2500,1752,1409,0.8042237442922374,1.7892433404922485,54.9258193491112,97.53006941283569
984,986,16.449766666666665,2500,2500,1822,1594,0.8748627881448957,1.5572352409362793,64.830972643854,96.729915064832
986,988,16.483133333333335,2500,2500,1891,1700,0.8989952406134321,1.9493916034698486,68.6381473335403,95.82550870651121
988,990,16.5165,2500,2500,1801,1599,0.8878400888395336,1.9322052001953125,59.44170063724339,95.50739863800287
990,992,16.549866666666667,2500,2500,1748,1382,0.7906178489702517,1.7146879434585571,51.36298359985786,95.1830241996662
992,994,16.583233333333332,2500,2500,1708,1399,0.8190866510538641,3.335911989212036,46.19924181886433,94.67991754490389
994,996,16.616600000000002,2500,2500,1602,1276,0.7965043695380774,4.7700371742248535,44.762207395293316,94.57252897307517
996,998,16.649966666666668,2500,2500,1757,1635,0.9305634604439386,6.069494247436523,47.66414246562733,94.30828023061751
998,1000,16.683333333333334,2500,2500,1719,1489,0.8662012798138452,5.8545098304748535,50.00782610825154,93.9663724134309
1000,1002,16.7167,2500,2500,1799,1521,0.8454697053918844,5.294579982757568,56.42664447700733,93.62781925819591
1002,1004,16.750066666666665,2500,2500,1815,1559,0.8589531680440772,4.750964164733887,56.83882986401639,93.30946847682738
1004,1006,16.783433333333335,2500,2500,1821,1669,0.9165293794618341,4.241037845611572,58.35955453416341,93.73524576053593
1006,1008,16.8168,2500,2500,1867,1644,0.8805570433851098,3.6721274852752686,55.922883915194895,93.44696366257017
1008,1010,16.850166666666667,2500,2500,1830,1654,0.9038251366120219,3.895667552947998,52.33415205047248,93.04078915887632
1010,1012,16.883533333333332,2500,2500,1874,1671,0.891675560298826,4.24122428894043,50.20551504059761,92.5548052122358
1012,1014,16.916900000000002,2500,2500,1819,1644,0.9037932930181418,4.520689964294434,50.30270978266908,92.3910599243724
1014,1016,16.950266666666668,2500,2500,1782,1597,0.8961840628507295,5.010461330413818,48.94793611713191,91.87242801956047
1016,1018,16.983633333333334,2500,2500,1792,1474,0.8225446428571429,5.733423709869385,49.806734863557736,91.6107257273905
1018,1020,17.017,2500,2500,1785,1566,0.8773109243697479,6.3045759201049805,50.48267087441883,91.15465728324172
1020,1022,17.050366666666665,2500,2500,1733,1598,0.9221004039238315,5.773163318634033,47.52687411360556,90.83001368416139
1022,1024,17.083733333333335,2500,2500,1718,1577,0.9179278230500582,5.908721446990967,48.79096469607164,90.47244275410524
1024,1026,17.1171,2500,2500,1692,1489,0.8800236406619385,6.233261585235596,47.73177022931307,90.14343058132886
1026,1028,17.150466666666667,2500,2500,1672,1484,0.8875598086124402,6.338189601898193,50.648713957246834,89.74805387299698
1028,1030,17.183833333333332,2500,2500,1690,1446,0.855621301775148,5.692686557769775,51.057323932648245,89.39867812168109
1030,1032,17.217200000000002,2500,2500,1665,1267,0.760960960960961,6.059744358062744,54.29288816820626,89.16932399075662
1032,1034,17.250566666666668,2500,2500,1589,1236,0.7778477029578351,6.137973785400391,55.97670454528174,88.85717995401654
1034,1036,17.283933333333334,2500,2500,1606,1470,0.9153175591531756,6.332352638244629,56.62174783708214,88.62213843469533
1036,1038,17.3173,2500,2500,1673,1538,0.9193066347878064,6.255899906158447,55.82871641504598,88.67708150975106
1038,1040,17.350666666666665,2500,2500,1583,1466,0.9260897030953885,6.926074504852295,56.63387787613634,88.43384991771997
1040,1042,17.384033333333335,2500,2500,1650,1348,0.816969696969697,7.2323126792907715,55.09968748724766,88.44681777598824
1042,1044,17.4174,2500,2500,1629,1349,0.8281154082259055,7.096952438354492,54.647027199005876,88.1908612268478
1044,1046,17.450766666666667,2500,2500,1626,1424,0.8757687576875769,7.7528228759765625,52.97685127407301,88.1592461456765
1046,1048,17.484133333333332,2500,2500,1589,1360,0.8558842039018251,7.9117045402526855,53.00192824213894,88.13695686425545
1048,1050,17.517500000000002,2500,2500,1514,1198,0.7912813738441216,7.511906147003174,53.60535918887348,87.75495941435291
1050,1052,17.550866666666668,2500,2500,1598,1341,0.8391739674593242,8.154067993164062,51.259245869676015,87.68941476138791
1052,1054,17.584233333333334,2500,2500,1598,1262,0.7897371714643304,8.603229522705078,53.12976971992869,87.55183860859213
1054,1056,17.6176,2500,2500,1572,1274,0.8104325699745547,8.823363304138184,54.06671506590475,86.9532659629098
1056,1058,17.650966666666665,2500,2500,1572,1225,0.7792620865139949,8.563650131225586,56.92893651007292,86.8516296990068
1058,1060,17.684333333333335,2500,2500,1529,1261,0.8247220405493787,8.756481170654297,56.917917515360166,86.78206660014239
1060,1062,17.7177,2500,2500,1500,1220,0.8133333333333334,9.210147857666016,56.50682248095997,86.73330401013037
1062,1064,17.751066666666667,2500,2500,1568,1443,0.920280612244898,9.03144359588623,56.3261176173668,86.80374024018766
1064,1066,17.784433333333332,2500,2500,1568,1334,0.8507653061224489,9.143743515014648,56.58876776356008,86.83345514862926
1066,1068,17.817800000000002,2500,2500,1529,1215,0.7946370176586004,8.663108825683594,55.36473415752505,87.20833187446752
1068,1070,17.851166666666668,2500,2500,1564,1253,0.801150895140665,7.762731075286865,55.03568905892762,87.17671460499749
1070,1072,17.884533333333334,2500,2500,1607,1354,0.8425637834474176,7.691929340362549,53.88726088727255,87.21784659734136
1072,1074,17.9179,2500,2500,1545,1266,0.8194174757281554,8.77739429473877,53.7696348472242,87.24457958404818
1074,1076,17.951266666666665,2500,2500,1511,1266,0.8378557246856386,9.276476860046387,49.65878525748987,87.39275002042412
1076,1078,17.984633333333335,2500,2500,1570,1216,0.7745222929936306,11.111772537231445,47.83454349562116,87.99187047022163
1078,1080,18.018,2500,2500,1613,1388,0.8605083694978302,9.985414505004883,47.40563276622476,88.01400511186583
1080,1082,18.051366666666667,2500,2500,1628,1252,0.769041769041769,10.474347114562988,44.12628037318709,88.17357366688842
1082,1084,18.084733333333332,2500,2500,1572,1383,0.8797709923664122,10.392833709716797,42.75094718385898,88.36592877233524
1084,1086,18.118100000000002,2500,2500,1502,1321,0.8794940079893475,11.256448745727539,42.83029057599106,88.53581515586522
1086,1088,18.151466666666668,2500,2500,1557,1425,0.9152215799614644,11.819819450378418,45.31324349241338,89.12977778555839
1088,1090,18.184833333333334,2500,2500,1617,1326,0.8200371057513914,11.782645225524902,43.976590028718874,89.19490739119779
1090,1092,18.2182,2500,2500,1622,1288,0.7940813810110974,12.02676773071289,44.505458988533476,89.26081821948344
1092,1094,18.251566666666665,2500,2500,1627,1272,0.7818070067609096,11.981085777282715,41.5542151582373,89.42238031464818
1094,1096,18.284933333333335,2500,2500,1636,1373,0.839242053789731,10.589557647705078,42.659637597907555,89.61849856447603
1096,1098,18.3183,2500,2500,1607,1280,0.7965152457996266,10.667882919311523,41.008996306128715,89.60007454804337
1098,1100,18.351666666666667,2500,2500,1643,1464,0.8910529519172246,9.95997428894043,40.63982335611128,89.57980433691631
1100,1102,18.385033333333332,2500,2500,1642,1354,0.8246041412911084,10.13851261138916,39.45847059718823,88.94997476162132
1102,1104,18.418400000000002,2500,2500,1601,1506,0.9406620861961275,9.687028884887695,40.592952678912006,88.90952624791382
1104,1106,18.451766666666668,2500,2500,1608,1192,0.7412935323383084,8.083715438842773,40.6755008197204,88.88303178576847
1106,1108,18.485133333333334,2500,2500,1632,1515,0.9283088235294118,9.377656936645508,42.444293048576085,88.92209437694758
1108,1110,18.5185,2500,2500,1699,1602,0.9429075927015892,9.14100456237793,43.409499285886604,89.04382068204895
1110,1112,18.551866666666665,2500,2500,1621,1450,0.8945095619987662,8.822054862976074,43.47199125230891,89.14609155258336
1112,1114,18.585233333333335,2500,2500,1532,1149,0.75,8.197920799255371,49.52714348628166,89.90033320495314
1114,1116,18.6186,2500,2500,1611,1319,0.818746120422098,9.861648559570312,49.6747134195197,90.22713957261067
1116,1118,18.651966666666667,2500,2500,1491,1236,0.8289738430583501,9.98301887512207,48.2079525840647,90.65927021696253
1118,1120,18.685333333333332,2500,2500,1658,1377,0.830518697225573,8.081181526184082,46.33972621832932,91.08334938085734
1120,1122,18.718700000000002,2500,2500,1664,1322,0.7944711538461539,7.391602993011475,45.60301325097347,91.57162155853553
1122,1124,18.752066666666668,2500,2500,1597,1344,0.841577958672511,7.437007427215576,42.87977722327281,92.1127827281958
1124,1126,18.785433333333334,2500,2500,1579,1215,0.7694743508549715,6.920284271240234,42.504087673017644,92.0616713642146
1126,1128,18.8188,2500,2500,1520,1275,0.8388157894736842,6.103879451751709,40.40818588886594,92.60004464129408
1128,1130,18.852166666666665,2500,2500,1574,1255,0.7973316391359594,6.0624284744262695,41.737752399559376,93.2495032561885
1130,1132,18.885533333333335,2500,2500,1551,1278,0.8239845261121856,5.681497573852539,39.301550980357156,93.23664991888705
1132,1134,18.9189,2500,2500,1557,1284,0.8246628131021194,4.933465003967285,40.5189249940499,93.8261630078312
1134,1136,18.952266666666667,2500,2500,1623,1320,0.8133086876155268,4.816149711608887,39.11188652322914,93.86198399915969
1136,1138,18.985633333333332,2500,2500,1513,1337,0.8836748182419035,5.3672261238098145,40.74915837509152,94.47678069161911
1138,1140,19.019000000000002,2500,2500,1523,1145,0.7518056467498359,6.035287380218506,41.871573969048356,94.51238722967216
1140,1142,19.052366666666668,2500,2500,1465,1202,0.8204778156996587,5.770956516265869,37.51821645740991,94.62523123023237
1142,1144,19.085733333333334,2500,2500,1404,1132,0.8062678062678063,5.7881622314453125,37.494573067978656,94.80485189594202
1144,1146,19.1191,2500,2500,1348,1006,0.7462908011869436,5.206470966339111,35.23974851696222,94.96487488766734
1146,1148,19.152466666666665,2500,2500,1358,1132,0.833578792341679,5.6660590171813965,34.22826360722025,95.07945129138803
1148,1150,19.185833333333335,2500,2500,1327,1037,0.7814619442351168,4.953580379486084,30.891617998969327,95.19938610926322
1150,1152,19.2192,2500,2500,1370,1156,0.8437956204379562,5.045888900756836,29.069721240765,95.3137743192932
1152,1154,19.252566666666667,2500,2500,1363,1097,0.8048422597212033,5.2280120849609375,26.993240043681432,95.43969194589359
1154,1156,19.285933333333332,2500,2500,1353,1186,0.8765705838876571,5.807210445404053,26.96701259794085,95.63207476979098
1156,1158,19.319300000000002,2500,2500,1396,1151,0.8244985673352435,5.8842926025390625,25.390517259378242,95.75409576578785
1158,1160,19.352666666666668,2500,2482,1384,1226,0.8858381502890174,5.396122932434082,25.522000939421098,96.01488407852199
1160,1162,19.386033333333334,2482,2469,1520,1394,0.9171052631578948,5.408161640167236,23.351377732713303,96.21887947434146
1162,1164,19.4194,2469,2475,1567,1375,0.8774728781110402,4.968053817749023,24.157185624942198,96.38949674964695
1164,1166,19.452766666666665,2475,2464,1541,1259,0.8170019467878001,4.8871541023254395,21.869143302384707,96.54387538951717
1166,1168,19.486133333333335,2464,2434,1575,1332,0.8457142857142858,4.944077968597412,22.790637907229375,96.79412412613938
1168,1170,19.5195,2434,2432,1554,1361,0.8758043758043758,5.165891647338867,24.205523281248823,96.98921825216203
1170,1172,19.552866666666667,2432,2449,1570,1340,0.8535031847133758,5.047214508056641,21.101971889567057,97.22151272714541
1172,1174,19.586233333333332,2449,2456,1542,1276,0.8274967574578469,4.590676784515381,23.154185505823193,97.42718873638879
1174,1176,19.619600000000002,2456,2473,1606,1373,0.8549190535491905,4.894351959228516,21.5859748346078,97.64921060770514
1176,1178,19.652966666666668,2473,2500,1588,1280,0.8060453400503779,4.597408294677734,22.900764278298524,97.988943985388
1178,1180,19.686333333333334,2500,2500,1713,1380,0.8056042031523643,4.708678722381592,21.98187056586847,98.23454915210719
1180,1182,19.7197,2500,2500,1650,1409,0.8539393939393939,4.614624977111816,22.618104244116847,98.54261638831507
1182,1184,19.753066666666665,2500,2487,1620,1354,0.8358024691358025,4.847652435302734,20.714481898937905,98.81660889558022
1184,1186,19.786433333333335,2487,2477,1579,1404,0.8891703609879671,5.285521984100342,21.510312181839904,99.15765817023214
1186,1188,19.8198,2477,2438,1558,1206,0.7740693196405648,4.960113525390625,19.914329919184613,99.49191131846457
1188,1190,19.853166666666667,2438,2422,1468,1142,0.7779291553133515,6.519936561584473,20.911688597732503,99.81052980171096
1190,1192,19.886533333333333,2422,2399,1487,1115,0.7498318762609281,6.122271537780762,19.613514744446643,99.53358163229579
1192,1194,19.919900000000002,2399,2386,1480,1169,0.7898648648648648,6.102581977844238,21.035658918989608,99.68575227874841
1194,1196,19.953266666666668,2386,2429,1476,1116,0.7560975609756098,6.38344144821167,21.16379102613608,99.34990677847415
